{
	"editor": {
		"allAngles": true,
		"singleTexture": true
	},
	"textureWidth": 16,
	"textureHeight": 16,
	"textures": {
		"bonesrotten": "block/creature/bonesrotten"
	},
	"elements": [
		{
			"name": "Spine-base",
			"from": [ 11.0, 0.0, 8.0 ], 
			"to": [ 27.0, 1.3, 9.0 ], 
			"uv": [ 0.0, 0.0 ],
			"rotationOrigin": [ 13.0, 0.0, 8.0 ],
			"rotationY": 180.0,
			"faces": {
				"north": { "texture": "#bonesrotten", "uv": [ 0.0, 0.0, 16.0, 1.0 ] },
				"east": { "texture": "#bonesrotten", "uv": [ 0.0, 0.0, 1.0, 1.0 ] },
				"south": { "texture": "#bonesrotten", "uv": [ 0.0, 0.0, 16.0, 1.0 ] },
				"west": { "texture": "#bonesrotten", "uv": [ 0.0, 0.0, 1.0, 1.0 ] },
				"up": { "texture": "#bonesrotten", "uv": [ 0.0, 0.0, 16.0, 1.0 ] },
				"down": { "texture": "#bonesrotten", "uv": [ 0.0, 0.0, 16.0, 1.0 ] }
			},
			"children": [
				{
					"name": "ribs3",
					"from": [ 9.0, 0.0, -4.5 ], 
					"to": [ 10.0, 1.0, 5.5 ], 
					"uv": [ 0.0, 0.0 ],
					"rotationOrigin": [ 9.0, 0.0, 0.5 ],
					"faces": {
						"north": { "texture": "#bonesrotten", "uv": [ 0.0, 0.0, 1.0, 1.0 ] },
						"east": { "texture": "#bonesrotten", "uv": [ 0.0, 0.0, 10.0, 1.0 ] },
						"south": { "texture": "#bonesrotten", "uv": [ 0.0, 0.0, 1.0, 1.0 ] },
						"west": { "texture": "#bonesrotten", "uv": [ 0.0, 0.0, 10.0, 1.0 ] },
						"up": { "texture": "#bonesrotten", "uv": [ 0.0, 0.0, 1.0, 10.0 ] },
						"down": { "texture": "#bonesrotten", "uv": [ 0.0, 0.0, 1.0, 10.0 ] }
					},
					"children": [
						{
							"name": "Cube1",
							"from": [ -0.1, 0.0, 0.0 ], 
							"to": [ 0.9, 4.0, 1.0 ], 
							"uv": [ 0.0, 0.0 ],
							"rotationOrigin": [ 0.0, 0.0, 0.0 ],
							"rotationX": -45.0,
							"faces": {
								"north": { "texture": "#bonesrotten", "uv": [ 0.0, 0.0, 1.0, 4.0 ] },
								"east": { "texture": "#bonesrotten", "uv": [ 0.0, 0.0, 1.0, 4.0 ] },
								"south": { "texture": "#bonesrotten", "uv": [ 0.0, 0.0, 1.0, 4.0 ] },
								"west": { "texture": "#bonesrotten", "uv": [ 0.0, 0.0, 1.0, 4.0 ] },
								"up": { "texture": "#bonesrotten", "uv": [ 0.0, 0.0, 1.0, 1.0 ] },
								"down": { "texture": "#bonesrotten", "uv": [ 0.0, 0.0, 1.0, 1.0 ] }
							}
						},
						{
							"name": "Cube14",
							"from": [ -0.1, 1.0, 9.0 ], 
							"to": [ 0.9, 5.0, 10.0 ], 
							"uv": [ 0.0, 0.0 ],
							"rotationOrigin": [ 0.0, 1.0, 9.0 ],
							"rotationX": 45.0,
							"faces": {
								"north": { "texture": "#bonesrotten", "uv": [ 0.0, 0.0, 1.0, 4.0 ] },
								"east": { "texture": "#bonesrotten", "uv": [ 0.0, 0.0, 1.0, 4.0 ] },
								"south": { "texture": "#bonesrotten", "uv": [ 0.0, 0.0, 1.0, 4.0 ] },
								"west": { "texture": "#bonesrotten", "uv": [ 0.0, 0.0, 1.0, 4.0 ] },
								"up": { "texture": "#bonesrotten", "uv": [ 0.0, 0.0, 1.0, 1.0 ] },
								"down": { "texture": "#bonesrotten", "uv": [ 0.0, 0.0, 1.0, 1.0 ] }
							}
						}
					]
				},
				{
					"name": "ribs4",
					"from": [ 7.0, 0.0, -3.5 ], 
					"to": [ 8.0, 1.0, 4.5 ], 
					"uv": [ 0.0, 0.0 ],
					"rotationOrigin": [ 7.0, 0.0, 0.5 ],
					"faces": {
						"north": { "texture": "#bonesrotten", "uv": [ 0.0, 0.0, 1.0, 1.0 ] },
						"east": { "texture": "#bonesrotten", "uv": [ 0.0, 0.0, 8.0, 1.0 ] },
						"south": { "texture": "#bonesrotten", "uv": [ 0.0, 0.0, 1.0, 1.0 ] },
						"west": { "texture": "#bonesrotten", "uv": [ 0.0, 0.0, 8.0, 1.0 ] },
						"up": { "texture": "#bonesrotten", "uv": [ 0.0, 0.0, 1.0, 8.0 ] },
						"down": { "texture": "#bonesrotten", "uv": [ 0.0, 0.0, 1.0, 8.0 ] }
					},
					"children": [
						{
							"name": "Cube15",
							"from": [ -2.1, 0.0, 0.0 ], 
							"to": [ -1.3, 3.0, 0.8 ], 
							"uv": [ 0.0, 0.0 ],
							"rotationOrigin": [ -2.0, 0.0, 0.0 ],
							"rotationX": -90.0,
							"rotationZ": 45.0,
							"faces": {
								"north": { "texture": "#bonesrotten", "uv": [ 0.0, 0.0, 0.5, 3.0 ] },
								"east": { "texture": "#bonesrotten", "uv": [ 0.0, 0.0, 0.5, 3.0 ] },
								"south": { "texture": "#bonesrotten", "uv": [ 0.0, 0.0, 0.5, 3.0 ] },
								"west": { "texture": "#bonesrotten", "uv": [ 0.0, 0.0, 0.5, 3.0 ] },
								"up": { "texture": "#bonesrotten", "uv": [ 0.0, 0.0, 0.5, 0.5 ] },
								"down": { "texture": "#bonesrotten", "uv": [ 0.0, 0.0, 0.5, 0.5 ] }
							}
						},
						{
							"name": "Cube16",
							"from": [ -0.1, 0.0, 7.0 ], 
							"to": [ 0.9, 3.0, 8.0 ], 
							"uv": [ 0.0, 0.0 ],
							"rotationOrigin": [ 0.0, 0.0, 7.0 ],
							"rotationX": 45.0,
							"faces": {
								"north": { "texture": "#bonesrotten", "uv": [ 0.0, 0.0, 1.0, 3.0 ] },
								"east": { "texture": "#bonesrotten", "uv": [ 0.0, 0.0, 1.0, 3.0 ] },
								"south": { "texture": "#bonesrotten", "uv": [ 0.0, 0.0, 1.0, 3.0 ] },
								"west": { "texture": "#bonesrotten", "uv": [ 0.0, 0.0, 1.0, 3.0 ] },
								"up": { "texture": "#bonesrotten", "uv": [ 0.0, 0.0, 1.0, 1.0 ] },
								"down": { "texture": "#bonesrotten", "uv": [ 0.0, 0.0, 1.0, 1.0 ] }
							}
						}
					]
				},
				{
					"name": "ribs5",
					"from": [ 5.0, 0.0, -2.5 ], 
					"to": [ 6.0, 1.0, 3.5 ], 
					"uv": [ 0.0, 0.0 ],
					"rotationOrigin": [ 5.0, 0.0, 0.5 ],
					"faces": {
						"north": { "texture": "#bonesrotten", "uv": [ 0.0, 0.0, 1.0, 1.0 ] },
						"east": { "texture": "#bonesrotten", "uv": [ 0.0, 0.0, 6.0, 1.0 ] },
						"south": { "texture": "#bonesrotten", "uv": [ 0.0, 0.0, 1.0, 1.0 ] },
						"west": { "texture": "#bonesrotten", "uv": [ 0.0, 0.0, 6.0, 1.0 ] },
						"up": { "texture": "#bonesrotten", "uv": [ 0.0, 0.0, 1.0, 6.0 ] },
						"down": { "texture": "#bonesrotten", "uv": [ 0.0, 0.0, 1.0, 6.0 ] }
					},
					"children": [
						{
							"name": "Cube17",
							"from": [ -0.1, 0.0, 0.0 ], 
							"to": [ 0.9, 3.0, 1.0 ], 
							"uv": [ 0.0, 0.0 ],
							"rotationOrigin": [ 0.0, 0.0, 0.0 ],
							"rotationX": -22.5,
							"faces": {
								"north": { "texture": "#bonesrotten", "uv": [ 0.0, 0.0, 1.0, 3.0 ] },
								"east": { "texture": "#bonesrotten", "uv": [ 0.0, 0.0, 1.0, 3.0 ] },
								"south": { "texture": "#bonesrotten", "uv": [ 0.0, 0.0, 1.0, 3.0 ] },
								"west": { "texture": "#bonesrotten", "uv": [ 0.0, 0.0, 1.0, 3.0 ] },
								"up": { "texture": "#bonesrotten", "uv": [ 0.0, 0.0, 1.0, 1.0 ] },
								"down": { "texture": "#bonesrotten", "uv": [ 0.0, 0.0, 1.0, 1.0 ] }
							}
						}
					]
				},
				{
					"name": "ribs2",
					"from": [ 11.0, 0.0, -3.5 ], 
					"to": [ 12.0, 1.0, 4.5 ], 
					"uv": [ 0.0, 0.0 ],
					"rotationOrigin": [ 11.0, 0.0, 0.5 ],
					"faces": {
						"north": { "texture": "#bonesrotten", "uv": [ 0.0, 0.0, 1.0, 1.0 ] },
						"east": { "texture": "#bonesrotten", "uv": [ 0.0, 0.0, 8.0, 1.0 ] },
						"south": { "texture": "#bonesrotten", "uv": [ 0.0, 0.0, 1.0, 1.0 ] },
						"west": { "texture": "#bonesrotten", "uv": [ 0.0, 0.0, 8.0, 1.0 ] },
						"up": { "texture": "#bonesrotten", "uv": [ 0.0, 0.0, 1.0, 8.0 ] },
						"down": { "texture": "#bonesrotten", "uv": [ 0.0, 0.0, 1.0, 8.0 ] }
					},
					"children": [
						{
							"name": "Cube20",
							"from": [ -0.1, 0.0, 0.0 ], 
							"to": [ 0.9, 3.0, 1.0 ], 
							"uv": [ 0.0, 0.0 ],
							"rotationOrigin": [ 0.0, 0.0, 0.0 ],
							"rotationX": -22.5,
							"faces": {
								"north": { "texture": "#bonesrotten", "uv": [ 0.0, 0.0, 1.0, 3.0 ] },
								"east": { "texture": "#bonesrotten", "uv": [ 0.0, 0.0, 1.0, 3.0 ] },
								"south": { "texture": "#bonesrotten", "uv": [ 0.0, 0.0, 1.0, 3.0 ] },
								"west": { "texture": "#bonesrotten", "uv": [ 0.0, 0.0, 1.0, 3.0 ] },
								"up": { "texture": "#bonesrotten", "uv": [ 0.0, 0.0, 1.0, 1.0 ] },
								"down": { "texture": "#bonesrotten", "uv": [ 0.0, 0.0, 1.0, 1.0 ] }
							}
						}
					]
				},
				{
					"name": "ribs19",
					"from": [ 2.4, 0.0, -1.5 ], 
					"to": [ 3.4, 1.0, 2.5 ], 
					"uv": [ 0.0, 0.0 ],
					"rotationOrigin": [ 2.4, 0.0, 0.5 ],
					"rotationY": 11.0,
					"faces": {
						"north": { "texture": "#bonesrotten", "uv": [ 0.0, 4.0, 1.0, 5.0 ] },
						"east": { "texture": "#bonesrotten", "uv": [ 1.0, 4.0, 5.0, 5.0 ] },
						"south": { "texture": "#bonesrotten", "uv": [ 5.0, 4.0, 6.0, 5.0 ] },
						"west": { "texture": "#bonesrotten", "uv": [ 6.0, 4.0, 10.0, 5.0 ] },
						"up": { "texture": "#bonesrotten", "uv": [ 0.0, 0.0, 1.0, 4.0 ] },
						"down": { "texture": "#bonesrotten", "uv": [ 1.0, 0.0, 2.0, 4.0 ] }
					}
				},
				{
					"name": "limb1",
					"from": [ 15.0, 0.0, 7.0 ], 
					"to": [ 16.0, 7.0, 8.0 ], 
					"uv": [ 0.0, 0.0 ],
					"rotationOrigin": [ 15.5, 0.0, 7.5 ],
					"rotationY": 22.5,
					"rotationZ": 90.0,
					"faces": {
						"north": { "texture": "#bonesrotten", "uv": [ 0.0, 0.0, 1.0, 7.0 ] },
						"east": { "texture": "#bonesrotten", "uv": [ 0.0, 0.0, 1.0, 7.0 ] },
						"south": { "texture": "#bonesrotten", "uv": [ 0.0, 0.0, 1.0, 7.0 ] },
						"west": { "texture": "#bonesrotten", "uv": [ 0.0, 0.0, 1.0, 7.0 ] },
						"up": { "texture": "#bonesrotten", "uv": [ 0.0, 0.0, 1.0, 1.0 ] },
						"down": { "texture": "#bonesrotten", "uv": [ 0.0, 0.0, 1.0, 1.0 ] }
					},
					"children": [
						{
							"name": "Cube23",
							"from": [ 0.0, 11.0, -3.0 ], 
							"to": [ 1.2, 16.0, -1.8 ], 
							"uv": [ 0.0, 0.0 ],
							"rotationOrigin": [ 0.5, 11.0, -2.5 ],
							"rotationX": -67.5,
							"faces": {
								"north": { "texture": "#bonesrotten", "uv": [ 0.0, 0.0, 1.0, 5.0 ] },
								"east": { "texture": "#bonesrotten", "uv": [ 0.0, 0.0, 1.0, 5.0 ] },
								"south": { "texture": "#bonesrotten", "uv": [ 0.0, 0.0, 1.0, 5.0 ] },
								"west": { "texture": "#bonesrotten", "uv": [ 0.0, 0.0, 1.0, 5.0 ] },
								"up": { "texture": "#bonesrotten", "uv": [ 0.0, 0.0, 1.0, 1.0 ] },
								"down": { "texture": "#bonesrotten", "uv": [ 0.0, 0.0, 1.0, 1.0 ] }
							}
						},
						{
							"name": "Cube26",
							"from": [ 0.0, -8.0, -9.0 ], 
							"to": [ 0.8, -3.0, -8.2 ], 
							"uv": [ 0.0, 0.0 ],
							"rotationOrigin": [ 0.5, -8.0, -8.5 ],
							"faces": {
								"north": { "texture": "#bonesrotten", "uv": [ 0.0, 0.0, 0.5, 5.0 ] },
								"east": { "texture": "#bonesrotten", "uv": [ 0.0, 0.0, 0.5, 5.0 ] },
								"south": { "texture": "#bonesrotten", "uv": [ 0.0, 0.0, 0.5, 5.0 ] },
								"west": { "texture": "#bonesrotten", "uv": [ 0.0, 0.0, 0.5, 5.0 ] },
								"up": { "texture": "#bonesrotten", "uv": [ 0.0, 0.0, 0.5, 0.5 ] },
								"down": { "texture": "#bonesrotten", "uv": [ 0.0, 0.0, 0.5, 0.5 ] }
							}
						}
					]
				},
				{
					"name": "limb2",
					"from": [ 1.0, 0.0, -4.0 ], 
					"to": [ 1.9, 7.0, -2.9 ], 
					"uv": [ 0.0, 0.0 ],
					"rotationOrigin": [ 1.5, 0.0, -3.5 ],
					"rotationY": -22.5,
					"rotationZ": 90.0,
					"faces": {
						"north": { "texture": "#bonesrotten", "uv": [ 0.0, 0.0, 0.5, 7.0 ] },
						"east": { "texture": "#bonesrotten", "uv": [ 0.0, 0.0, 1.0, 7.0 ] },
						"south": { "texture": "#bonesrotten", "uv": [ 0.0, 0.0, 0.5, 7.0 ] },
						"west": { "texture": "#bonesrotten", "uv": [ 0.0, 0.0, 1.0, 7.0 ] },
						"up": { "texture": "#bonesrotten", "uv": [ 0.0, 0.0, 0.5, 1.0 ] },
						"down": { "texture": "#bonesrotten", "uv": [ 0.0, 0.0, 0.5, 1.0 ] }
					},
					"children": [
						{
							"name": "Cube25",
							"from": [ 0.0, 7.0, 2.0 ], 
							"to": [ 1.0, 12.0, 3.0 ], 
							"uv": [ 0.0, 0.0 ],
							"rotationOrigin": [ 0.5, 7.0, 2.5 ],
							"rotationX": 45.0,
							"faces": {
								"north": { "texture": "#bonesrotten", "uv": [ 0.0, 0.0, 1.0, 5.0 ] },
								"east": { "texture": "#bonesrotten", "uv": [ 0.0, 0.0, 1.0, 5.0 ] },
								"south": { "texture": "#bonesrotten", "uv": [ 0.0, 0.0, 1.0, 5.0 ] },
								"west": { "texture": "#bonesrotten", "uv": [ 0.0, 0.0, 1.0, 5.0 ] },
								"up": { "texture": "#bonesrotten", "uv": [ 0.0, 0.0, 1.0, 1.0 ] },
								"down": { "texture": "#bonesrotten", "uv": [ 0.0, 0.0, 1.0, 1.0 ] }
							}
						}
					]
				}
			]
		},
		{
			"name": "Cube21",
			"from": [ 14.0, 0.0, 4.5 ], 
			"to": [ 17.5, 0.9, 7.1 ], 
			"uv": [ 0.0, 0.0 ],
			"rotationOrigin": [ 15.0, 0.0, 7.0 ],
			"rotationX": 15.0,
			"rotationY": -5.0,
			"faces": {
				"north": { "texture": "#bonesrotten", "uv": [ 0.0, 2.5, 3.5, 3.0 ] },
				"east": { "texture": "#bonesrotten", "uv": [ 3.5, 2.5, 6.0, 3.0 ] },
				"south": { "texture": "#bonesrotten", "uv": [ 6.0, 2.5, 9.5, 3.0 ] },
				"west": { "texture": "#bonesrotten", "uv": [ 9.5, 2.5, 12.0, 3.0 ] },
				"up": { "texture": "#bonesrotten", "uv": [ 0.0, 0.0, 3.5, 2.5 ] },
				"down": { "texture": "#bonesrotten", "uv": [ 3.5, 0.0, 7.0, 2.5 ] }
			}
		},
		{
			"name": "Cube22",
			"from": [ 14.1, 0.0, 7.9 ], 
			"to": [ 17.6, 0.9, 10.5 ], 
			"uv": [ 0.0, 0.0 ],
			"rotationOrigin": [ 15.1, 0.0, 7.9 ],
			"rotationX": -15.0,
			"rotationY": 5.0,
			"faces": {
				"north": { "texture": "#bonesrotten", "uv": [ 0.0, 2.5, 3.5, 3.0 ] },
				"east": { "texture": "#bonesrotten", "uv": [ 3.5, 2.5, 6.0, 3.0 ] },
				"south": { "texture": "#bonesrotten", "uv": [ 6.0, 2.5, 9.5, 3.0 ] },
				"west": { "texture": "#bonesrotten", "uv": [ 9.5, 2.5, 12.0, 3.0 ] },
				"up": { "texture": "#bonesrotten", "uv": [ 0.0, 0.0, 3.5, 2.5 ] },
				"down": { "texture": "#bonesrotten", "uv": [ 3.5, 0.0, 7.0, 2.5 ] }
			}
		},
		{
			"name": "Cube24",
			"from": [ -3.0, 0.0, 3.8 ], 
			"to": [ 0.7, 0.7, 7.0 ], 
			"uv": [ 0.0, 0.0 ],
			"rotationOrigin": [ -1.0, 0.0, 6.8 ],
			"rotationX": 5.0,
			"rotationY": 28.0,
			"faces": {
				"north": { "texture": "#bonesrotten", "uv": [ 0.0, 3.0, 3.5, 3.5 ] },
				"east": { "texture": "#bonesrotten", "uv": [ 3.5, 3.0, 6.5, 3.5 ] },
				"south": { "texture": "#bonesrotten", "uv": [ 6.5, 3.0, 10.0, 3.5 ] },
				"west": { "texture": "#bonesrotten", "uv": [ 10.0, 3.0, 13.0, 3.5 ] },
				"up": { "texture": "#bonesrotten", "uv": [ 0.0, 0.0, 3.5, 3.0 ] },
				"down": { "texture": "#bonesrotten", "uv": [ 3.5, 0.0, 7.0, 3.0 ] }
			}
		},
		{
			"name": "Cube27",
			"from": [ -1.0, 0.0, 8.6 ], 
			"to": [ 2.7, 0.7, 11.8 ], 
			"uv": [ 0.0, 0.0 ],
			"rotationOrigin": [ 1.0, 0.0, 8.6 ],
			"rotationX": -6.0,
			"rotationY": -25.0,
			"faces": {
				"north": { "texture": "#bonesrotten", "uv": [ 0.0, 3.0, 3.5, 3.5 ] },
				"east": { "texture": "#bonesrotten", "uv": [ 3.5, 3.0, 6.5, 3.5 ] },
				"south": { "texture": "#bonesrotten", "uv": [ 6.5, 3.0, 10.0, 3.5 ] },
				"west": { "texture": "#bonesrotten", "uv": [ 10.0, 3.0, 13.0, 3.5 ] },
				"up": { "texture": "#bonesrotten", "uv": [ 0.0, 0.0, 3.5, 3.0 ] },
				"down": { "texture": "#bonesrotten", "uv": [ 3.5, 0.0, 7.0, 3.0 ] }
			}
		},
		{
			"name": "Cube28",
			"from": [ 18.0, 0.0, 7.0 ], 
			"to": [ 19.0, 1.0, 8.0 ], 
			"uv": [ 0.0, 0.0 ],
			"rotationOrigin": [ 18.0, 0.0, 7.0 ],
			"faces": {
				"north": { "texture": "#bonesrotten", "uv": [ 0.0, 1.0, 1.0, 2.0 ] },
				"east": { "texture": "#bonesrotten", "uv": [ 1.0, 1.0, 2.0, 2.0 ] },
				"south": { "texture": "#bonesrotten", "uv": [ 2.0, 1.0, 3.0, 2.0 ] },
				"west": { "texture": "#bonesrotten", "uv": [ 3.0, 1.0, 4.0, 2.0 ] },
				"up": { "texture": "#bonesrotten", "uv": [ 0.0, 0.0, 1.0, 1.0 ] },
				"down": { "texture": "#bonesrotten", "uv": [ 1.0, 0.0, 2.0, 1.0 ] }
			}
		},
		{
			"name": "Cube29",
			"from": [ 19.5, 0.0, 5.9 ], 
			"to": [ 20.4, 0.9, 6.8 ], 
			"uv": [ 0.0, 0.0 ],
			"rotationOrigin": [ 19.5, 0.0, 5.9 ],
			"faces": {
				"north": { "texture": "#bonesrotten", "uv": [ 0.0, 0.5, 0.5, 1.0 ] },
				"east": { "texture": "#bonesrotten", "uv": [ 0.5, 0.5, 1.0, 1.0 ] },
				"south": { "texture": "#bonesrotten", "uv": [ 1.0, 0.5, 1.5, 1.0 ] },
				"west": { "texture": "#bonesrotten", "uv": [ 1.5, 0.5, 2.0, 1.0 ] },
				"up": { "texture": "#bonesrotten", "uv": [ 0.0, 0.0, 0.5, 0.5 ] },
				"down": { "texture": "#bonesrotten", "uv": [ 0.5, 0.0, 1.0, 0.5 ] }
			}
		},
		{
			"name": "Cube30",
			"from": [ 20.5, 0.0, 4.2 ], 
			"to": [ 21.3, 0.8, 5.0 ], 
			"uv": [ 0.0, 0.0 ],
			"rotationOrigin": [ 20.5, 0.0, 4.2 ],
			"faces": {
				"north": { "texture": "#bonesrotten", "uv": [ 0.0, 0.5, 0.5, 1.0 ] },
				"east": { "texture": "#bonesrotten", "uv": [ 0.5, 0.5, 1.0, 1.0 ] },
				"south": { "texture": "#bonesrotten", "uv": [ 1.0, 0.5, 1.5, 1.0 ] },
				"west": { "texture": "#bonesrotten", "uv": [ 1.5, 0.5, 2.0, 1.0 ] },
				"up": { "texture": "#bonesrotten", "uv": [ 0.0, 0.0, 0.5, 0.5 ] },
				"down": { "texture": "#bonesrotten", "uv": [ 0.5, 0.0, 1.0, 0.5 ] }
			}
		},
		{
			"name": "Cube31",
			"from": [ 19.5, 0.0, 2.2 ], 
			"to": [ 20.2, 0.7, 2.9 ], 
			"uv": [ 0.0, 0.0 ],
			"rotationOrigin": [ 19.5, 0.0, 2.2 ],
			"faces": {
				"north": { "texture": "#bonesrotten", "uv": [ 0.0, 0.5, 0.5, 1.0 ] },
				"east": { "texture": "#bonesrotten", "uv": [ 0.5, 0.5, 1.0, 1.0 ] },
				"south": { "texture": "#bonesrotten", "uv": [ 1.0, 0.5, 1.5, 1.0 ] },
				"west": { "texture": "#bonesrotten", "uv": [ 1.5, 0.5, 2.0, 1.0 ] },
				"up": { "texture": "#bonesrotten", "uv": [ 0.0, 0.0, 0.5, 0.5 ] },
				"down": { "texture": "#bonesrotten", "uv": [ 0.5, 0.0, 1.0, 0.5 ] }
			}
		},
		{
			"name": "Cube32",
			"from": [ 11.5, 0.0, 2.2 ], 
			"to": [ 12.2, 0.7, 2.9 ], 
			"uv": [ 0.0, 0.0 ],
			"rotationOrigin": [ 11.5, 0.0, 2.2 ],
			"faces": {
				"north": { "texture": "#bonesrotten", "uv": [ 0.0, 0.5, 0.5, 1.0 ] },
				"east": { "texture": "#bonesrotten", "uv": [ 0.5, 0.5, 1.0, 1.0 ] },
				"south": { "texture": "#bonesrotten", "uv": [ 1.0, 0.5, 1.5, 1.0 ] },
				"west": { "texture": "#bonesrotten", "uv": [ 1.5, 0.5, 2.0, 1.0 ] },
				"up": { "texture": "#bonesrotten", "uv": [ 0.0, 0.0, 0.5, 0.5 ] },
				"down": { "texture": "#bonesrotten", "uv": [ 0.5, 0.0, 1.0, 0.5 ] }
			}
		},
		{
			"name": "Cube33",
			"from": [ -5.5, 0.0, 9.9 ], 
			"to": [ -4.6, 0.9, 10.8 ], 
			"uv": [ 0.0, 0.0 ],
			"rotationOrigin": [ -5.5, 0.0, 9.9 ],
			"faces": {
				"north": { "texture": "#bonesrotten", "uv": [ 0.0, 0.5, 0.5, 1.0 ] },
				"east": { "texture": "#bonesrotten", "uv": [ 0.5, 0.5, 1.0, 1.0 ] },
				"south": { "texture": "#bonesrotten", "uv": [ 1.0, 0.5, 1.5, 1.0 ] },
				"west": { "texture": "#bonesrotten", "uv": [ 1.5, 0.5, 2.0, 1.0 ] },
				"up": { "texture": "#bonesrotten", "uv": [ 0.0, 0.0, 0.5, 0.5 ] },
				"down": { "texture": "#bonesrotten", "uv": [ 0.5, 0.0, 1.0, 0.5 ] }
			}
		}
	]}
